{
  "teacher": {
    "label_source": "teacher",
    "best_epoch": 4,
    "best_ade": 0.2381729781627655,
    "train_losses": [
      0.012420015037059784,
      0.0063672767952084545,
      0.00643278993666172,
      0.0062895952723920345,
      0.006791500840336084,
      0.007422613445669413,
      0.007240396179258824,
      0.005180637584999204,
      0.007457607518881559,
      0.007147284131497145
    ],
    "val_ades": [
      0.29904958605766296,
      0.2513437569141388,
      0.2538946866989136,
      0.2381729781627655,
      0.2441067099571228,
      0.26191210746765137,
      0.26142966747283936,
      0.24000990390777588,
      0.2382216602563858,
      0.259088933467865
    ],
    "n_train": 34,
    "n_val": 51
  },
  "gt": {
    "label_source": "gt",
    "best_epoch": 11,
    "best_ade": 0.23019230365753174,
    "train_losses": [
      0.011218161880970001,
      0.004435927560552955,
      0.004203570680692792,
      0.0038726205937564375,
      0.003514766041189432,
      0.0042843582108616825,
      0.0029324088944122197,
      0.0032031837850809096,
      0.002822205564007163,
      0.0035235985880717633,
      0.0020406899275258183,
      0.0019217783934436738,
      0.0015192294726148249,
      0.0016754170414060355,
      0.0016973416088148952
    ],
    "val_ades": [
      0.23422954976558685,
      0.27616047859191895,
      0.2567387819290161,
      0.24617336690425873,
      0.23293949663639069,
      0.2451367825269699,
      0.2490721344947815,
      0.23130616545677185,
      0.2342633605003357,
      0.23111285269260406,
      0.23019230365753174,
      0.2311038225889206,
      0.23219262063503265,
      0.23138272762298584,
      0.2310502678155899
    ],
    "n_train": 34,
    "n_val": 51
  }
}